movieId,weight
260,4.137000372014015
260,4.137000372014015
260,4.137000372014015
260,4.137000372014015
260,4.137000372014015
260,4.137000372014015
260,4.137000372014015
260,4.137000372014015
260,4.137000372014015